https://meta.vn/hotro/tho-chuc-tet-6845,
https://hoatieu.vn/tong-hop-bai-tho-tet-nguyen-dan-hay-nhat-204554,
https://quantrimang.com/tho-chuc-tet-nhung-bai-tho-hay-ve-mua-xuan-de-chuc-mung-nam-moi-2018-146107,
https://quantrimang.com/tho-chuc-tet-hai-huoc-hom-hinh-128991,
https://vndoc.com/nhung-bai-tho-ve-tet-nguyen-dan-hay-nhat-1448,
https://vndoc.com/nhung-bai-tho-chuc-tet-hay-nhat-104054,
https://thuthuat.taimienphi.vn/tho-chuc-tet-nhung-bai-tho-chuc-tet-hay-va-y-nghia-5484n.aspx,
https://toplist.vn/top-list/bai-tho-chuc-tet-cho-tre-mam-non-hay-va-y-nghia-nhat-18892.htm,
https://toplist.vn/top-list/bai-tho-chuc-tet-hay-nhat-xuan-2019-28430.htm,
https://ocuaso.com/tho-viet-nam/chum-tho-bat-hu/tho-tet-hay-chum-tho-xuan-tho-tet-noi-tieng-va-hay-nhat.html,
https://download.vn/nhung-cau-chuc-tet-hay-y-nghia-32404,
https://www.youtube.com/watch?v=LsrPgniHaVE,
https://ocuaso.com/tho-buon/tho-suu-tam/nhung-bai-tho-ngay-tet-hay-va-buon-nhat.html,
https://www.quangbinh.gov.vn/3cms/tho-chuc-tet-cua-bac-ho.htm,
http://congdoanvienchucvn.org.vn/chum-tho-chuc-tet-2020-a1493.html,
https://saodieu.vn/tin-tuc/nhung-bai-tho-hay-va-y-nghia-nhat-dip-tet-c9a121.html,
https://kinhtemoitruong.vn/nhung-bai-tho-xuan-tho-chuc-tet-canh-ty-2020-hay-nhat-12805.html,
https://vi.wikipedia.org/wiki/Th%C6%A1_ch%C3%BAc_T%E1%BA%BFt_c%E1%BB%A7a_H%E1%BB%93_Ch%C3%AD_Minh,
https://thegioicotich.vn/bai-tho-tet-la-ban-nho/,
https://vietnamembassy-seoul.org/tong-hop-loi-chuc-tet-va-tho-chuc-tet-hay-nhat-2020/,
https://place.vn/bai-tho-chuc-tet-ong-ba-cha-me.html,
https://mnhoaphuong.longbien.edu.vn/truyen-tho-bai-hat/bai-tho-tet-la-ban-nho-c5066-23396.aspx,
https://www.thivien.net/Nguy%E1%BB%85n-Duy/Th%C6%A1-T%E1%BA%BFt/poem-U3expxkUu04aPIKr0S91UA,
https://poem.tkaraoke.com/tim.tho?q=t%E1%BA%BFt-%C4%91%E1%BA%BFn&t=8&p=3,
http://vinacomin.vn/tet-xua-trong-tho-cu/tet-xua-trong-tho-cu-4104.htm,
https://vov.vn/van-hoa/van-hoc/tho-tet-dinh-dau-bat-gap-mau-dao-som-588402.vov,
https://chieuta.com/tho-tet-hay-y-nghia.html,
https://thuviensachhochiminh.tphcm.gov.vn/documents/35261/39007/NgayXuanDocThoChucTetCuaBacHo.pdf/28a6bcdc-a046-41f0-a28c-d6bec97b5878,
https://giupban.com.vn/101-bai-tho-ve-tet-tho-chuc-tet-2019-am-no-hanh-phuc,
http://www.cuuchienbinhtphcm.vn/index.php?option=com_content&view=article&id=6431:chum-th-tt-canh-ty-2020-&catid=100:vn-hoa-ngh-thut&Itemid=229,
https://laodong.vn/ban-doc/gan-tet-can-tho-manh-tay-xu-ly-vi-pham-nong-do-con-862516.ldo,
https://baonghean.vn/nhung-bai-tho-chuc-tet-thay-co-hay-va-y-nghia-232772.html,
https://thanhnien.vn/giao-duc/tho-tet-trong-nha-truong-con-ngheo-nan-1175421.html,
https://zingnews.vn/canh-tet-gan-100-nam-truoc-qua-tho-phu-post1038823.html,
http://spirit.vietnamairlines.com/vi/tintuc/van-hoa-the-thao-82/tho---tet-2020-don-xuan-5581.html,
https://dangcongsan.vn/huong-toi-ky-niem-90-nam-ngay-truyen-thong-nganh-tuyen-giao/thong-tin-tu-lieu/tho-chuc-tet-nam-ky-suu-1949-cua-chu-tich-ho-chi-minh-553182.html,
https://bnews.vn/nhung-loi-chuc-tet-canh-ty-2020-bang-tho-cau-doi/145325.html,
https://vnanet.vn/vi/anh/anh-thoi-su-trong-nuoc-1014/can-tho-tet-trung-thu-cho-tre-em-co-hoan-canh-dac-biet-kho-khan-5036707.html,
https://www.pinterest.com/pin/817403401091321333/,
https://baomoi.com/nhung-bai-tho-chuc-tet-hay-cam-xuc-nhat/c/24956343.epi,
https://eva.vn/day-con/14-bai-tho-chuc-tet-cho-be-de-thuoc-de-nho-ai-nghe-cung-gat-gu-khen-c14a418608.html,
https://tiki.vn/sach-tet-canh-ty-2020-hop-tuyen-van-tho-nhac-hoa-chu-de-mua-xuan-va-ngay-tet-p44618905.html,
https://scr.vn/tho-che-tet.html,
https://nhadatmoi.net/tin-tuc/bai-tho-tet-nguyen-dan-hay-va-y-nghia.html,
http://quagac.com/tin-tuc/nhung-bai-tho-vui-ngay-tet-489.html,
https://tuychon.vn/nhung-cau-chuc-tet-bai-tho-tet-hay-danh-cho-be-nhan-dip-xuan-ve/,
https://vnexpress.net/can-tho-lam-duong-hoa-tet-tan-suu-6-ty-dong-4202745.html,
https://vnexpress.net/tag/tet-va-tuoi-tho-150933,
https://vntour.com.vn/tour-du-lich-can-tho-tet-nguyen-dan-id36170000,
http://letsviettravel.vn/danh-sach-tour/tour-du-lich-can-tho-tet-nguyen-dan-2020,
https://dulichviet.com.vn/du-lich-trong-nuoc/du-lich-can-tho-tet-duong-lich-tham-quan-my-tho-ca-mau-soc-trang-4-ngay-3-dem,
https://kyna.vn/bai-viet/tho-chuc-tet-mau-tuat-2018.html,
http://vacne.org.vn/tho-tet/210343.html,
https://www.vntrip.vn/cam-nang/nhung-bai-tho-vui-va-y-nghia-ve-tet-trung-thu-106053,
https://group29khoinghiep.com/nhung-bai-tho-chuc-tet-gan-lien-voi-tuoi-tho-cua-the-he-8x-9x/,
http://thuvienbinhduong.org.vn/Resources/Docs/PDF/2017/mungdangmungxuan/CH%C3%99M%20TH%C6%A0%20L%E1%BB%A4C%20B%C3%81T%20CH%C3%9AC%20T%E1%BA%BET.pdf,
http://mn30thang4q1.hcm.edu.vn/goc-giai-tri-tho-ca/nhung-bai-tho-hay-ve-tet-va-mua-xuan-cho-tre-cm82861-369009.aspx,
https://kyuc.net/chum-tho-luc-bat-chuc-tet-xuan-chuc-mung-nam-moi,
https://www.nhaccuatui.com/bai-hat/o-hay-tet-den-ngam-tho-hong-lien-nsut.OKiM181gYQZJ.html,
https://huynhquocchiannghia.violet.vn/entry/show/entry_id/974707/cat_id/153116,
https://baolongan.vn/nha-tho-tu-mo-va-nhung-bai-tho-ve-tet-a106148.html,
https://nld.com.vn/thoi-su/tong-bi-thu-chu-tich-nuoc-nguyen-phu-trong-doc-tho-chuc-tet-canh-ty-2020-20200125092655564.htm,
https://lktc.vn/tat-tan-tat-ve-lich-ban-phao-hoa-o-can-tho-tet-nguyen-dan-2020.html,
https://ictnews.vietnamnet.vn/cuoc-song-so/tong-hop-tho-tet-hai-huoc-thu-vi-cua-lap-trinh-vien-dan-cong-nghe-26972.html,
http://vnca.cand.com.vn/Tu-lieu-van-hoa/Cam-xuc-Xuan-Tet-trong-tho-co-dien-323955/,
https://bazantravel.com/nhung-cau-chuc-tet-hay/,
https://www.doisongphapluat.com/doi-song/gia-dinh-tinh-yeu/bai-nam-nhung-bai-tho-chuc-tet-hay-cam-xuc-nhat-a215299.html,
https://baocantho.com.vn/hoc-sinh-can-tho-nghi-tet-nguyen-dan-14-ngay-a116970.html,
http://vkscantho.vn/vkscantho/index.php/news/VKSND-TP-Can-Tho/Chi-thi-cua-Ban-Thuong-vu-Thanh-uy-Can-Tho-ve-viec-to-chuc-Tet-Nguyen-dan-Canh-Ty-2020-3224/,
http://mnyenlang.daitu.edu.vn/Article/News/giao-an-tho-tet-dang-vao-nha-.html,
https://www.bachhoaxanh.com/kinh-nghiem-hay/tong-hop-10-bai-tho-ve-tet-trung-thu-hay-nhat-danh-cho-tre-em-1290367,
http://vannghethainguyen.vn/2017/01/23/trang-tho-tet-so-345/,
http://congdoandetmay.vn/tu-sach-cong-doan?p_p_id=101_INSTANCE_xrxIhE4kz5Wy&p_p_lifecycle=0&p_p_col_id=column-1&p_p_col_count=2&_101_INSTANCE_xrxIhE4kz5Wy_struts_action=%2Fasset_publisher%2Fview_content&_101_INSTANCE_xrxIhE4kz5Wy_assetEntryId=587694&_101_INSTANCE_xrxIhE4kz5Wy_type=content&_101_INSTANCE_xrxIhE4kz5Wy_urlTitle=mung-ngay-tet-%C4%91oc-lap-%C4%91en-voi-nhung-bai-tho-hay&redirect=http%3A%2F%2Fcongdoandetmay.vn%2Ftu-sach-cong-doan%3Fp_p_id%3D101_INSTANCE_xrxIhE4kz5Wy%26p_p_lifecycle%3D0%26p_p_state%3Dnormal%26p_p_mode%3Dview%26p_p_col_id%3Dcolumn-1%26p_p_col_count%3D2,
http://congan.com.vn/van-hoa-giai-tri/can-tho-ngay-hoi-banh-trai-my-khanh-khai-mac-ngay-ngay-tet-duong-lich-2021_104872.html,
http://thkimthuy.edu.vn/cms/display/utilities/u_printpage.aspx?cid=808&id=444894,
http://www.xaydungdang.org.vn/Home/tutuonghochiminh/2019/12586/Thu-huong-tu-tuong-Ho-Chi-Minh-qua-tho-chuc-Tet.aspx,
https://www.facebook.com/gxthanhtamhonai/posts/m%E1%BB%99t-s%E1%BB%91-b%C3%A0i-th%C6%A1-v%E1%BB%81-t%E1%BA%BFt-trung-thu-s%C6%B0u-t%E1%BA%A7mtrung-thu-l%C3%A0-t%E1%BA%BFt-thi%E1%BA%BFu-nhi-c%E1%BB%9B-sao-ng%C6%B0%E1%BB%9Di-l/298697080268112/,
https://thoidai.com.vn/10-bai-tho-chuc-tet-canh-ty-2020-hay-va-an-tuong-97833.html,
https://www.nguoiduatin.vn/top-6-bai-tho-chuc-tet-nhat-dinh-ban-khong-the-bo-lo-tet-duong-lich-canh-ty-2020-a461409.html,
https://wikicachlam.com/nhung-cau-tho-chuc-tet-hay-nhat/,
http://trungtamvhtt.thuathienhue.gov.vn/?gd=1&cn=91&tc=22230,
http://baoquangnam.vn/nhan-vat/tho-xuan-va-cau-doi-tet-cua-son-ho-83309.html,
https://vtv.vn/trong-nuoc/nhung-bai-tho-chuc-tet-cua-bac-ho-58025.htm,
https://tuyenquangtv.vn/thoi-su-chinh-tri/201302/tho-chuc-tet-cua-bac-qua-quy-dau-xuan-0746680/,
http://www.baohoabinh.com.vn/16/114906/Ngay-Xuan-nho-tho-chuc-Tet-cua-Bac-Ho.htm,
https://nhandan.com.vn/baothoinay-vanhoavannghe/50-nam-doc-lai-bai-tho-chuc-tet-cuoi-cung-cua-ho-chu-tich-348703,
http://thuthuatphanmem.vn/tho-tet-nhung-bai-tho-tet-hay-nhat/,
https://congdoandaukhi.vn/nho-tho-tet-ky-hoi-cua-bac-ho/,
https://edu.viettel.vn/vtu-tpvungtau-mnhoaanhdao/cho-cha-me/be-ke-chuyen/chu-de-tet-mua-xuan/tho-tet-dang-vao-nha-.html,
http://tinhuykhanhhoa.vn/tin-chi-tiet/id/328/Tet-tuoi-tho-qua,
https://soha.vn/thi-tho-tet.html,
https://tuoitre.vn/tho-sao-khong-ve-an-tet-voi-que-huong-20180213090845173.htm,
http://baohungyen.vn/van-hoa/202001/tu-tuong-nhan-van-va-tam-nhin-sau-rong-trong-tho-chuc-tet-cua-bac-ho-b893a34/,
https://vemaybayphucthinh.com/ve-may-bay-gia-re-di-can-tho-tet-2017.html,
http://americastarbooks.com/2020/01/tho-chuc-tet-hai-huoc/,
http://tuoitredhdn.udn.vn/chu-tich-ho-chi-minh/nhung-mau-chuyen-ve-bac/bac-ho-lam-tho-tet-o-pac-bo-878.html,
https://kynaforkids.vn/blog/bai-tho-ve-tet-trung-thu-cho-tre-mam-non.html,
https://www.thica.net/2008/02/04/tet-c%E1%BB%A7a-me-toi/,
https://hoatieu.vn/tho-chuc-tet-204450,
https://sites.google.com/site/vuonxuandinhdau/vxdd33,
https://ocuaso.com/tho-buon/tho-suu-tam/tho-chuc-tet-nhung-bai-tho-ngay-tet-hay.html,
https://thuthuat.taimienphi.vn/10-bai-tho-chuc-tet-cho-be-me-nen-day-15663n.aspx,
https://doctailieu.com/tu-vi/10-bai-tho-chuc-tet-nguyen-dan-ky-hoi-2019-hay-nhat,
https://baomoi.com/cau-chuc-tet-nguyen-dan-2020-canh-ty-bai-tho-tet-doc-dao-hay-va-y-nghia/c/33648024.epi,
https://doisongvietnam.vn/cau-chuc-tet-nguyen-dan-2020-canh-ty-bai-tho-tet-doc-dao-hay-va-y-nghia-82570-13.html,
https://bazantravel.com/tour-du-lich-my-tho-can-tho-tet-nguyen-dan-2-ngay-1-dem/,
https://afamily.vn/15-bai-tho-chuc-tet-de-nho-de-thuoc-cha-me-hay-day-be-de-nam-moi-them-may-man-va-tran-day-tuoi-vui-20191209150339463.chn,
https://www.thivien.net/L%C3%AA-Th%C3%A1nh-T%C3%B4ng/T%E1%BA%BFt-Nguy%C3%AAn-%C4%90%C3%A1n/poem-maWmf-BiVbZPs2kOQzqzug,
https://tuoitre.vn/can-tho-thuong-tet-duong-lich-cao-nhat-109-trieu-dong-cao-hon-nam-cu-20201230174125116.htm,
https://www.maxreading.com/sach-hay/kho-tang-luc-bat-dan-gian/ca-dao-ve-ngay-tet-nguyen-dan-38346.html,
https://gpcantho.com/tet-den-noi-chuyen-ve-tet-nguyen-dan/,
https://vietnamnet.vn/vn/doi-song/gioi-tre/loi-chuc-tet-nguyen-dan-2019-bang-tho-hay-va-y-nghia-505714.html,
https://saithanhtourist.vn/tours/tourdulichmythocantho-tetnguyendan2021/,
https://www.bqllang.gov.vn/danh-sach-khach-vieng.html?id=3244,
https://zingmp3.vn/bai-hat/Tet-Nguyen-Dan-Trang-Anh-Tho/ZW7OAZEO.html,
https://vnthuquan.net/Tho/tho.aspx?id=19118&thisi=mayngan,
https://loichuchaynhat.com/loi-chuc-tet/tho-hay-ve-tet-nguyen-dan-nhung-bai-tho-hay-nhat.html,
https://shop.vnexpress.net/tour-my-tho-can-tho-2n1d-tet-nguyen-dan-2020-144505.html,
https://cgd.edu.vn/tho-xuan-mau-tuat-cua-cac-ban-cgd-nhi-3a3/,
https://poem.tkaraoke.com/21052/nguyen_dan.html,
https://vietjet.net/ban-tin-hang-khong/nhung-loi-chuc-mung-nam-moi-tet-at-mui-2015-hay-moi-doc-va-la-nhat.html,
https://vntour.com.vn/tour-du-lich-ca-mau-can-tho-tet-nguyen-dan-id59270000,
https://giupban.com.vn/nhung-bai-tho-ve-tet-cho-tre-mam-non-me-nen-day-be-hoc-thuoc,
https://dulichviet.com.vn/loai-hinh-du-lich/du-lich-tet-nguyen-dan-ben-tre-can-tho-ca-mau-soc-trang-tu-sai-gon-2021,
http://tourtet.com.vn/khuyen-mai/tour-du-lich-can-tho-tet-nguyen-da,
https://laodong.vn/cong-doan/can-tho-thu-nhap-bap-benh-nguoi-lao-dong-can-nhac-chuyen-ve-que-an-tet-863845.ldo,
https://cmctourist.com.vn/tours/tour-dong-thap-sac-xuan-dong-thap-tet-nguyen-dan-2020-2n1d-2/,
https://www.youtube.com/watch?v=79ot35kinGA,
http://letsviettravel.vn/danh-sach-tour/tour-du-lich-can-tho-tet-nguyen-dan-2018?fb_comment_id=1725351747484589_1782864085066688,
https://www.phunuvagiadinh.vn/bai-tho-ve-tet-nguyen-dan-cho-tre-mam-non.topic,
https://dulichnamachau.com.vn/tour/tour-du-lich-mien-tay-2-ngay-tien-giang-ben-tre-can-tho-tet-nguyen-dan/,
http://vuitour.com/du-lich-can-tho-tet-am-lich,
https://ybox.vn/gia-vi/nhung-bai-tho-chuc-tet-cua-bac-ho-tu-nam-1942-den-1969-261434,
http://nhidongcantho.org.vn/?tabid=113&ndid=326&key=_THONG_BAO_NGHI_TET_NGUYEN_DAN_NAM_2020,
https://www.intour.com.vn/du-lich-tet-2019-tour-tien-giang-ben-tre-can-tho-2-ngay-1-dem-1-450-000d.html,
http://khuyenmaidulich.com.vn/tour-du-lich-can-tho-tet-nguyen-dan,
https://www.baogiaothong.vn/nhung-bai-tho-chuc-tet-nguyen-dan-2016-hay-nhat-d137628.html,
http://sohatravel.vn/tour-tet-nguyen-dan-2018-du-lich-can-tho-2-ngay-1-dem.html,
https://thanhnien.vn/gioi-tre/li-xi-tet-2021-bat-trend-voi-trung-ran-can-mo-va-tho-doc-dao-1326858.html,
https://lichngaytot.com/loi-chuc/tho-vui-ngay-tet-6-0.html,
https://vietnamembassy-mongolia.org/tong-hop-nhung-bai-tho-chuc-tet-va-loi-chuc-tet-2020-y-nghia-nhat/,
https://baocantho.com.vn/xem-albumphoto/can-tho-trang-hoang-duong-pho-don-tet.44.html,
https://baodansinh.vn/can-tho-muc-thuong-tet-nguyen-dan-thap-nhat-trong-vong-4-nam-qua-20210104210128695.htm,
https://www.luxstay.com/blog/homestay/can-tho-dip-tet-nguyen-dan-2020-kinh-nghiem-du-xuan-tu-a-z.html,
https://chieuta.com/tho-tet-buon-fa-tho-che-tet-fa-vui-buon-dem-giao-thua.html,
https://tailieu.vn/doc/chu-de-tet-nguyen-dan-de-tai-tet-dang-vao-nha-nhom-lop-choi-259343.html,
https://www.facebook.com/CTUDHCT/posts/348351052417967/,
http://cand.com.vn/Hoat-dong-LL-CAND/Can-Tho-khen-thuong-tap-the-ca-nhan-co-thanh-tich-dip-Tet-Nguyen-dan-479475/,
https://dantri.com.vn/lao-dong-viec-lam/can-tho-thuong-tet-nguyen-dan-cao-nhat-la-113-trieu-dong-20210101091903721.htm,
https://cungcau.vn/can-tho-tet-nguyen-dan-tag206342/,
https://saigonstartravel.com/tour-ben-tre-can-tho-dao-nam-du-tet/,
https://dotchuoinon.com/2017/01/27/tet-nguyen-dan-tho-xuan-2/,
http://tourismcantho.vn/vi/top-10-diem-den-hot-o-can-tho-dip-tet-nguyen-dan/n2243.html,
http://truongchinhtri.edu.vn/home/thong-tin-nghien-cuu-trao-doi/tet-nguyen-dan-canh-ty-on-lai-bai-hoc-doan-ket-tu-tho-chuc-tet-cua-bac-ho-538.html,
https://plo.vn/do-thi/can-tho-bat-ngo-don-con-mua-dau-tien-tu-sau-tet-nguyen-dan-905147.html,
https://vtc.vn/nhung-bai-tho-chuc-tet-ky-hoi-hay-va-dac-sac-nhat-ar454168.html,
http://binhphuoc.tintuc.vn/tin-tuc/lich-nghi-tet-nguyen-dan-2020-cua-hoc-sinh-can-tho.html,
https://hatinh.gov.vn/bai-tho-chuc-tet-cua-bac-ho-nam-1969-bai-tho-di-chuc,
https://www.thienviettour.vn/tour-le/tour-mien-tay-cho-noi-cai-rang-2-ngay-1-dem-tet-nguyen-dan-2021-794.html,
http://baodulich.net.vn/Can-Tho-luong-khach-du-lich-tang-cao-dip-Tet-Nguyen-Dan-2019-03-18241.html,
http://bantuyengiao.cantho.gov.vn/article/hoc-sinh-can-tho-nghi-tet-nguyen-dan-14-ngay/16788.htm,
http://www.dulichtetnguyendan.com/tour-tet-nguyen-dan-mien-tay-3-ngay-my-tho-can-tho-chau-doc.html,
https://vnreview.vn/headlines-detail/-/headline/c-acirc-u-ch-uacute-c-tet-nguy-ecirc-n-d-aacute-n-2020-canh-t-yacute-b-agrave-i-tho-tet-doc-d-aacute-o-hay-v-agrave-yacute-nghia,
http://dulichsaigonviptour.com/my-tho-ben-tre-can-tho-cho-noi-cai-rang-2n1d-le-304-015,
https://tin.nhadat.net/tho-chuc-tet-hay-y-nghia-gui-nhau-loi-chuc-gui-kem-yeu-thuong/,
https://saoviettravel.com.vn/du-lich-tet-nguyen-dan-my-tho-can-tho-2-ngay-1-dem-tu-tp-hcm/,
http://vienkiemsathaiphong.gov.vn/vks/132/3105/4923/14912/Nganh-Kiem-sat-Hai-Phong-hoc-tap-va-lam-theo-tu-tuong--dao-duc-va-phong-cach-Ho-Chi-Minh/Bac-Ho-voi-Tet-co-truyen-cua-dan-toc-.aspx,
https://benative.vn/tho-chuc-tet-bang-tieng-anh/,
https://www.vietnamplus.vn/can-tho-thuong-tet-nguyen-dan-ky-hoi-cao-nhat-230-trieu-dong/545686.vnp,
http://nguyenbangoc.elc.vn/home/vi/news/Tin-tuc-Su-kien/VIET-BAI-THO-BAI-VAN-VE-NGAY-TET-603/,
https://thoidai.com.vn/chum-tho-chuc-tet-canh-ty-2020-y-nghia-tang-nguoi-than-97851.html,
https://www.mt.gov.vn/khcn/tin-tuc/53182/can-tho--khong-de-phat-sinh-xe-du--ben-coc-dip-tet-nguyen-dan.aspx,
https://thethaovanhoa.vn/xa-hoi/can-tho-ban-phao-hoa-7-diem-dem-giao-thua-tet-nguyen-dan-canh-ty-2020-n20200110215733518.htm,
https://tinnhanhchungkhoan.vn/thuong-tet-cao-nhat-o-can-tho-gan-nua-ty-dong-post175870.html,
https://dangcongsan.vn/xa-hoi/can-tho-phat-dong-chien-dich-hien-mau-tinh-nguyen-dip-tet-nguyen-dan-va-le-hoi-xuan-hong-2016-366419.html,
https://www.pinterest.com/pin/736127501578791038/,
https://www.youtube.com/watch?v=nj7M72WvWJM,
https://www.camau.gov.vn/wps/portal/?1dmy&page=trangchitiet&urile=wcm%3Apath%3A/camaulibrary/camauofsite/gioithieu/chuyende/hoctapvalamtheotamguongdaoduchcm/thocuabac/dgfdfhdfh56876,
https://vietnamnet.vn/vn/doi-song/gioi-tre/tho-chuc-tet-danh-tang-ban-gai-430495.html,
http://thptchonthanh.com.vn/BacHo/thochuctetcuaBac.htm,
https://kienthuctonghop.vn/tho-chuc-tet-2020,
https://dangcongsan.vn/tu-lieu-tham-khao-cuoc-thi-trac-nghiem-tim-hieu-90-nam-lich-su-ve-vang-cua-dang-cong-san-viet-nam/tu-lieu-cuoc-thi/tho-chuc-tet-cua-bac-ho-xuan-nham-ngo-1942-533897.html,
https://topnews.com.vn/bai-tho-chuc-tet-cho-tre-mam-non.html,
https://www.dongphucndu.com/tin-tuc/nhung-bai-tho-chuc-tet-mau-tuat-nam-2018-4074,
https://kynaforkids.vn/blog/bai-tho-chuc-tet-ong-ba-hay-cho-be.html,
https://thobuon.net/tho-hay/tong-hop-nhung-bai-tho-chuc-tet-2019-doc-dao-nhat.html,
http://www.vms-south.vn/wp-content/uploads/2015/08/No.13/files/assets/downloads/page0085.pdf,
https://thegioicotich.vn/bai-tho-chuc-tet-ong-ba-va-bo-me-cho-be-mung-nam-moi/,
https://vov.vn/van-hoa-giai-tri/50-nam-truoc-bac-ho-doc-tho-chuc-tet-lan-cuoi-tren-vov-872973.vov,
https://tgddsales.com/tho-chuc-tet/,
https://baomoi.com/nhung-bai-tho-chuc-tet-ky-hoi-hay-va-dac-sac-nhat/c/29537636.epi,
http://tuyengiao.vn/thanh-pho-ho-chi-minh-van-minh-hien-dai-nghia-tinh/tho-chuc-tet-cua-ho-chi-minh-chan-chua-niem-tin-vao-tuong-lai-118735,
https://baophapluat.vn/song-moi/xuan-ve-nho-tho-chuc-tet-cua-bac-ho-488636.html,
https://honglam.vn/tho-chuc-tet-xuan-ky-hoi-y-nghia-va-doc-dao-nhat,
https://vtv.vn/tho-chuc-tet-cua-bac-ho.html,
https://tiki.vn/tho-chuc-tet-mung-xuan-cua-bac-ho-va-loi-binh-tai-ban-lan-thu-hai-p66686238.html,
https://mn13tanbinh.hcm.edu.vn/tho-truyen-cho-be/bai-tho-chuc-tet-c82395-417514.aspx,
https://kyna.vn/bai-viet/day-be-chuc-tet-qua-nhung-bai-tho-de-thuong.html,
https://vtvgo.vn/kho-video/nhung-van-tho-chuc-tet-cua-bac-795103.html,
https://9mobi.vn/20-bai-tho-chuc-tet-ngan-cho-be-de-thuoc-26283n.aspx,
http://www.huecity.gov.vn/DuLich/NewCatId/63/NewVid/22729,
http://hocvienpkkq.com/tin/index.php/vi/news/Tu-lieu/Tho-chuc-Tet-cua-Bac-qua-quy-dau-xuan-714/,
https://giupban.com.vn/day-tre-nhung-bai-tho-chuc-tet-cho-be-yeu-hay-va-y-nghia,
https://symbols.vn/tho-chuc-tet-han-viet.html,
https://giasubaochau.net/bai-viet/nhung-bai-th-chuc-tet-hay-cho-be,
https://m.baotuyenquang.com.vn/van-hoa/tinh-hoa-van-hoa/bai-tho-chuc-tet-nam-dinh-hoi-cua-bac-ho-112419.html,
https://paxsky.vn/tin-tuc/nhung-cau-chuc-tet-canh-ty-2020-hay-y-nghia.html,
https://www.wikiwand.com/vi/Th%C6%A1_ch%C3%BAc_T%E1%BA%BFt_c%E1%BB%A7a_H%E1%BB%93_Ch%C3%AD_Minh,
http://danvan.vn/Home/Van-hoa-van-nghe/2587/Hai-bai-tho-chuc-Tet-nam-Than-cua-Bac-Ho,
https://thoidai.com.vn/10-bai-tho-chuc-tet-ong-ba-bo-me-hay-va-y-nghia-nhat-nam-canh-ty-2020-97654.html,
https://baotanghochiminh.vn/xuan-dau-tien-bac-ho-doc-tho-chuc-tet-dong-bao.htm,
https://mamamy.vn/goc-cua-me/chuc-tet-cho-be/,
https://ar-ar.facebook.com/sachthieunhidinhti/posts/1547102572070611/,
https://www.thivien.net/H%E1%BB%93-Ch%C3%AD-Minh/Th%C6%A1-ch%C3%BAc-T%E1%BA%BFt-n%C4%83m-1949-K%E1%BB%B7-S%E1%BB%ADu/poem-Jyf6ehx6UNy-ATN2ilT87g,
https://www.bienphong.com.vn/nhung-bai-tho-chuc-tet-cua-bac-ho-song-mai-voi-non-song-post12639.html,
https://vietnamembassy-venezuela.org/tho-chuc-tet-va-loi-chuc-tet-nguyen-dan-canh-ty-2020-hay-nhat/,
http://thtanson.phutho.edu.vn/tin-tuc-su-kien/tin-cua-truong/nhung-bai-tho-hay-ve-mua-xuan-de-chuc-mung-nam-moi-2020.html,
https://sites.google.com/site/vuonxuangiapngo/tho-chuc-tet,
https://ccvtlt.snv.binhdinh.gov.vn/index.php/vi/news/tin-hoat-dong/ky-uc-mot-dem-giao-thua-don-tho-chuc-tet-cua-bac-ho-494.html,
https://webketoan.com/threads/2773045-tho-chuc-tet-hay-nhat/,
http://www.tcvg.hochiminhcity.gov.vn/tintuc/default.aspx?Source=/tintuc&Category=H%E1%BB%8Dc+t%E1%BA%ADp+v%C3%A0+l%C3%A0m+theo+t%E1%BA%A5m+g%C6%B0%C6%A1ng+%C4%91%E1%BA%A1o+%C4%91%E1%BB%A9c+h%E1%BB%93+ch%C3%AD+minh&ItemID=3191&Mode=1,
https://vi.wikisource.org/wiki/Th%C6%A1_ch%C3%BAc_t%E1%BA%BFt_xu%C3%A2n_%C4%90inh_M%C3%B9i_-_1967,
https://bloganchoi.com/cau-chuc-tet-2020-hay/,
http://btlsqsvn.org.vn/DesktopModules/News.Display/Print.aspx?bai-viet=bai-tho-xuan-1968-cua-chu-tich-ho-chi-minh-4500,
https://thanhnien.vn/game/tin-tuc-game/game-thu-lam-tho-chuc-tet-minh-chau-corp-142198g.html,
https://daminhtamhiep.net/2019/02/tho-chuc-tet-ky-hoi/,
https://www.hcmcpv.org.vn/tin-tuc/nho-nhung-loi-chuc-tet-cua-bac-ho-1491851749,
http://americastarbooks.com/2020/01/bai-tho-chuc-tet-ong-ba/,
https://vksdanang.gov.vn/web/guest/in-bai?p_p_id=print_WAR_vienkiemsatportlet&p_p_lifecycle=0&p_p_col_id=column-2&p_p_col_count=1&_print_WAR_vienkiemsatportlet_id=29604&_print_WAR_vienkiemsatportlet_type=baiviet,
http://bantin.ueh.edu.vn/index.php/2019/01/22/tho-chuc-tet-cua-bac-ho-tu-tuong-chi-dao-chien-luoc-cach-mang-viet-nam/,
https://wikici.com/nhung-cau-tho-chuc-tet-hay,
https://m.moitruongvadothi.vn/doi-song-xa-hoi/doi-song/10-bai-tho-chuc-tet-ong-ba-bo-me-hay-va-y-nghia-nam-canh-ty-2020-a62747.html,
https://tcnn.vn/news/detail/5075/Tho_chuc_tet_cua_Bac_Hoall.html,
https://m.giaoduc.net.vn/tieu-diem/tho-chuc-tet-cua-tong-bi-thu-chu-tich-nuoc-nguyen-phu-trong-post195466.gd,
http://baoapbac.vn/van-hoa-nghe-thuat/201401/ngay-xuan-doc-lai-tho-chuc-tet-cua-bac-ho-446618/,
https://baohatinh.vn/chinh-tri/bai-tho-chuc-tet-cua-bac-ho-nam-1969-bai-tho-di-chuc/168083.htm,
http://baodulich.net.vn/60-nam-bai-tho-chuc-Tet-cua-Bac-Ho-2408-18078.html,
https://thoibaonganhang.vn/nho-nhung-van-tho-chuc-tet-cua-bac-84668.html,
http://tinhdoan.caobang.gov.vn/index.php?nv=news&op=Theo-dau-chan-Bac/Xuan-dau-tien-Bac-Ho-doc-tho-chuc-Tet-dong-bao-2304,
https://www.quangninh.gov.vn/pInChiTiet.aspx?nid=82192,
http://smstinnhancute.wap.sh/tho-chuc-mung-nam-moi,
https://verbalearn.com/stt-hay/chuc-mung-nam-moi/,
https://scr.vn/tho-chuc-mung-nam-moi.html,
https://baotanghochiminh.vn/bai-tho-chuc-nam-moi-va-bai-nam-moi-cong-viec-moi-cua-nguyen-ai-quoc-dang-tren-bao-viet-nam-doc-lap.htm,
http://phongquantri.vinhuni.edu.vn/hoat-dong-chuyen-mon/seo/nhung-bai-tho-chuc-mung-nam-moi-hay-74159,
https://www.facebook.com/766086020214998/posts/200-b%C3%A0i-th%C6%A1-ch%C3%BAc-m%E1%BB%ABng-n%C4%83m-m%E1%BB%9Bi-2021-hay-nh%E1%BA%A5t-666-h%C3%ACnh-%E1%BA%A3nh-ch%C3%BAc-t%E1%BA%BFt-2021-kute-nh%E1%BA%A5t/1650498948440363/,
https://mediamart.vn/tin-tuc/loi-hay-y-dep/mot-so-cau-chuc-mung-nam-moi-bang-tho-an-tuong.htm,
https://thethaovanhoa.vn/ban-can-biet/loi-chuc-mung-nam-moi-2021-y-nghia-gui-toi-moi-nguoi-n20201231160916916.htm,
https://vietnamnet.vn/vn/giao-duc/goc-phu-huynh/15-bai-tho-chuc-tet-ky-hoi-hay-nhat-tang-thay-co-giao-504566.html,
https://www.yensaohoanghac.vn/post/155791658364/b%C3%A0i-th%C6%A1-ch%C3%BAc-m%E1%BB%ABng-n%C4%83m-m%E1%BB%9Bi,
https://chamsocxehoi.org/chuc-tet-hai-huoc/,
https://butbi.hocmai.vn/tong-hop-20-bai-tho-cau-doi-hay-thay-loi-chuc-mung-nam-moi.html,
https://gonhub.com/tho-chuc-tet-hay-doc-dao-va-hai-huoc-mang-lai-may-man-cho-nguoi-nhan.html,
https://thoidai.com.vn/loi-chuc-tet-hay-nhat-2020-va-thiep-chuc-mung-nam-moi-xuan-canh-ty-dep-nhat-97490.html,
http://capnuoccantho2.com.vn/View.aspx?wc=81&wp=120,
http://mndaotu.vinhphuc.edu.vn/chuyen-muc/bai-tho-nam-moi-be-chuc-c17568-100698.aspx,
http://www.baohagiang.vn/van-hoa/201701/ngay-xuan-doc-tho-chuc-tet-cua-bac-ho-694974/,
https://vietnammoi.vn/loi-chuc-tet-ong-ba-va-tho-chuc-tet-y-nghia-sau-sac-nhat-172306.htm,
http://www.ngoclu.com/?tnvframe=tnv_product&p=1826,
https://www.vntrip.vn/cam-nang/tho-chuc-tet-cua-bac-ho-110989,
https://vietnamembassy-qatar.org/mot-so-bai-tho-tet-va-loi-chuc-tet-2020-y-nghia-nhat/,
https://ct.qdnd.vn/bao-qdnd-cuoi-tuan-xuan-canh-ty-2020/ngay-xuan-doc-lai-bai-tho-nam-moi-chuc-nhau-524396,
https://giadinh.net.vn/gia-dinh/nhung-bai-tho-chuc-tet-hai-huoc-cua-vo-chong-danh-cho-nhau-20160107155844555.htm,
http://www.baohoabinh.com.vn/11/83314/60-nam-bai-tho-chuc-Tet-Giap-Ngo-1954-cua-Bac-Ho.htm,
http://topgia.vn/tho-chuc-tet-hai-huoc-5948n,
https://giaoduc.net.vn/giao-duc-24h/xuan-ve-nho-tho-chuc-tet-cua-bac-ho-post155602.gd,
http://tuyengiao.vn/tutuong/but-tich-bai-tho-chuc-tet-xuan-ky-suu-1949-cua-chu-tich-ho-chi-minh-27440,
https://tuoitrexahoi.vn/nhung-bai-tho-chuc-mung-nam-moi-2020-doc-dao-de-nho-150410.html,
https://www.vietfuntravel.com.vn/blog/nhung-loi-chuc-tet-duong-lich-hay-nhat.html,
http://truongchinhtrithanhhoa.gov.vn/web/trang-tho-danh-ngon-truyen-vui/cac-bai-tho-chuc-tet-cua-bac-ho-va-mot-so-bai-tho-cau-doi-hay-ve-tet.html,
https://vov.vn/dat-nuoc-vao-xuan/nho-mai-loi-tho-chuc-tet-nham-thin-cua-bac-197622.vov,
http://cand.com.vn/Tieu-diem-van-hoa/TET-Nho-loi-chuc-Tet-cua-Bac-Ho-Xuan-Binh-Tuat-nam-1946-477186/,
https://top.vozz.vn/tho-chuc-tet-nhung-bai-tho-chuc-mung-nam-moi-2020-hay-va-y-nghia/,
https://www.youtube.com/watch?v=amV67LFef_A,
https://www.haiduongdost.gov.vn/article/bac-ha-vai-nhang-bai-tho-chac-mang-nam-mai/12169,
https://laodong.vn/van-hoa/nhung-loi-chuc-tet-cho-nguoi-yeu-hay-va-y-nghia-nhat-780305.ldo,
http://www.lhhkh.org.vn/chi-tiet-tin/id/1315/Tinh-thoi-dai-va-chat-dan-gian-trong-Tho-chuc-Tet-cua-Bac-Ho,
https://www.gocbao.com/20-bai-tho-chuc-tet-hai-huoc-cho-nam-moi-2020-tran-ngap-niem-vui,
https://baodanang.vn/channel/5433/201802/bai-tho-chuc-tet-doc-lap-dau-tien-cua-bac-2588931/,
https://baohaiquanvietnam.vn/tin-tuc/chuc-tet-dao-xa,
https://luathoangphi.vn/tong-hop-bai-tho-chuc-tet-2021-vui-ve-y-nghia-hai-huoc-hay-nhat/,
http://baolamdong.vn/hosotulieu/201701/tho-chuc-tet-nam-dinh-dau-cua-hoang-de-minh-mang-2775518/,
https://kyna.vn/bai-viet/tuyen-tap-nhung-bai-tho-tet-ky-hoi-doc-dao.html,
https://vanhoadoanhnghiepvn.vn/nho-tho-tet-ky-hoi-cua-bac-ho/,
https://m.moitruongvadothi.vn/doi-song-xa-hoi/doi-song/nhung-bai-tho-loi-chuc-tet-ky-hoi-2019-y-nghia-nhat-a41458.html,
https://khoahoctainha.com/tuyen-tap-nhung-bai-tho-tet-ky-hoi-doc-dao.html,
https://www.doisongphapluat.com/tin-tuc/tuyen-tap-nhung-bai-tho-chuc-tet-hay-nhat-nam-ky-hoi-2019-a258886.html,
http://baonamdinh.com.vn/channel/5084/201901/tho-chuc-tet-xuan-ky-hoi-1959-cua-bac-ho-2529041/,
https://guu.vn/diem-tin/tuyen-tap-nhung-bai-tho-chuc-tet-hay-nhat-xuan-ky-hoi-2019-5cbfb8dd5242f41b79895200.html,
https://www.youtube.com/watch?v=oSiCNRftSas,
https://vi.wikisource.org/wiki/Th%C6%A1_ch%C3%BAc_t%E1%BA%BFt_xu%C3%A2n_K%E1%BB%B7_H%E1%BB%A3i_-_1959,
https://www.phunuvagiadinh.vn/doi-song-165/tong-hop-nhung-bai-tho-chuc-tet-ky-hoi-2019-hay-va-y-nghia-nhat-309621,
https://phatgiao.org.vn/chum-tho-hoa-don-xuan-ky-hoi-2019-d33703.html,
https://tapchinghiencuuphathoc.com/chum-tho-tet-ky-hoi-2019.html,
https://www.thivien.net/H%E1%BB%93-Ch%C3%AD-Minh/Th%C6%A1-ch%C3%BAc-T%E1%BA%BFt-n%C4%83m-1959-K%E1%BB%B7-H%E1%BB%A3i/poem-iZojDBzAPtTrUtJSozGyYA,
https://tiki.vn/sach-tet-ky-hoi-2019-hop-tuyen-van-tho-nhac-hoa-chu-de-mua-xuan-va-ngay-tet-p8015175.html,
https://toplist.vn/top-lists/th%C6%A1-ch%C3%BAc-t%E1%BA%BFt-k%E1%BB%B7-h%E1%BB%A3i/,
http://tet.vinhphuc.gov.vn/ct/cms/chuyenmon/Lists/quocte1/View_Detail.aspx?ItemID=416,
https://www.netabooks.vn/sach-tet-ky-hoi-2019--hop-tuyen-van-tho-nhac-hoa-chu-de-mua-xuan-va-ngay-tet,
https://www.fahasa.com/sach-tet-ky-hoi-2019-hop-tuyen-van-tho-nhac-hoa-chu-de-mua-xuan-va-ngay-tet.html,
https://dulichhoangviet.vn/du-lich-trong-nuoc/tour-du-lich-my-tho-can-tho-tet-ky-hoi-2019-907.html,
https://thuthuat.taimienphi.vn/tho-chuc-tet-doc-dao-31046n.aspx,
https://tinhte.vn/thread/nhung-bai-tho-chuc-tet-ky-hoi-2019-hai-huoc-vui-ve-va-y-nghia.2912606/,
https://shopee.vn/S%C3%A1ch-S%C3%A1ch-T%E1%BA%BFt-K%E1%BB%B7-H%E1%BB%A3i-2019-%E2%80%93-H%E1%BB%A3p-Tuy%E1%BB%83n-V%C4%83n-Th%C6%A1-Nh%E1%BA%A1c-H%E1%BB%8Da-Ch%E1%BB%A7-%C4%90%E1%BB%81-M%C3%B9a-Xu%C3%A2n-V%C3%A0-Ng%C3%A0y-T%E1%BA%BFt-i.104288726.1818678594,
https://hanam.gov.vn/Pages/giao-luu-tho-xuan-ky-hoi-2019.aspx,
https://lazi.vn/tvdn/tag/tho-chuc-tet-xuan-ky-hoi-1959-cua-bac-ho,
http://bimson.thanhhoa.gov.vn/web/trang-chu/thong-tin-thu-vien/chuyen-muc-van-tho/tho-chuc-tet-ky-hoi-2019.html,
https://topz.vn/bai-tho-chuc-tet-hay-nhat-xuan-2019-28430.html,
https://poem.tkaraoke.com/94266/tet_mien_tay__xuan_ky_hoi_2019.html,
https://123mua.com.vn/Sach-Tet-Ky-Hoi-2019-Hop-Tuyen-Van-Tho-Nhac-Hoa-Chu-De-Mua-Xuan-Va-Ngay-Tet-p-354873,
http://truongchinhtribentre.edu.vn/content/m%E1%BB%ABng-xu%C3%A2n-2019-nh%E1%BB%9B-th%C6%A1-ch%C3%BAc-t%E1%BA%BFt-xu%C3%A2n-k%E1%BB%B7-h%E1%BB%A3i-1959-c%E1%BB%A7a-ch%E1%BB%A7-t%E1%BB%8Bch-h%E1%BB%93-ch%C3%AD-minh-c%C3%B4ng-ch%E1%BB%A9c-vi%C3%AAn,
https://www.webtretho.com/f/lam-me-p4-4729/10-bai-tho-chuc-tet-ky-hoi-2019-cuc-hay-be-hoc-thuoc-ngay-trong-vong-mot-not-nhac-2761667,
https://tintuctiengiang.com/da-dang-sac-mau-cho-hoa-xuan-my-tho-tet-ky-hoi-2019/,
https://thuvienhoasen.org/a31300/tho-don-tet-mung-xuan-ky-hoi-2019,
https://luatvietnam.vn/tin-phap-luat/muc-qua-tang-nguoi-cao-tuoi-mung-tho-dip-tet-ky-hoi-230-18868-article.html,
https://dangcongsan.vn/chao-xuan-ky-hoi-2019,
https://tuoitre.vn/loi-chuc-tet-xuan-ky-hoi-2019-cua-tong-bi-thu-chu-tich-nuoc-nguyen-phu-trong-20190205001942703.htm,
https://toasang-ugvf.org/2019/02/10/tho-tet-ky-hoi-troi-paris-sao-bang/,
https://vovworld.vn/vi-VN/van-hoa/hai-an-pham-moi-chao-don-tet-ky-hoi-2019-tet-xua-tho-be-va-nho-oi-la-tet-719905.vov,
https://visithanam.vn/iv/detailevents/?t=giao-luu-tho-xuan-ky-hoi-2019&id=event_181,
https://cpv.ctu.edu.vn/tin-tc-s-kin/hc-tp-va-lam-theo-tm-gng-o-c-h-chi-minh/173-th-chuc-tt-ca-bac-h,
https://nhandan.com.vn/baothoinay/baothoinay-vanhoavannghe/baothoinay-vanhoavannghe-docsach/item/38753502-sach-tet-xuan-ky-hoi-2019.html,
https://congan.quangninh.gov.vn/tin-trong-tinh/khai-but-dau-xuan-ky-hoi-2019-7566.html,
http://bonbontravel.com.vn/vn/chi-tiet-san-pham/356-du-lich-tet-ky-hoi-2019-tour-my-tho-can-tho-2-ngay-khoi-hanh-tu-sai-gon.html,
https://laodong.vn/xa-hoi/cach-lau-don-ban-tho-don-tet-ky-hoi-de-khong-bi-tan-loc-655794.ldo,
https://www.nguoiduatin.vn/tho-chuc-tet-doc-dao-hai-huoc-cho-nam-moi-ky-hoi-ron-tieng-cuoi-a419155.html,
http://ubkttw.vn/chi-thi-nghi-quyet-moi?p_p_id=101&p_p_lifecycle=0&p_p_state=pop_up&p_p_mode=view&_101_struts_action=%2Fasset_publisher%2Fview_content&_101_assetEntryId=74315&_101_type=content&_101_urlTitle=-on-xuan-ky-hoi-nho-bai-tho-chuc-tet-nam-inh-hoi-cua-bac-ho&inheritRedirect=false,
http://baoanh.baodaknong.org.vn/xuan-ky-hoi-2019/xuan-ky-hoi-2019-tron-50-nam-bac-ho-doc-tho-chuc-tet-4862.html,
https://vnreview.vn/headlines-detail/-/headline/15-bai-tho-chuc-tet-ky-hoi-hay-nhat-tang-thay-co-giao,
http://www.baovinhlong.com.vn/van-hoa-giai-tri/201902/2-bai-tho-chuc-tet-nam-hoi-cua-bac-ho-2931978/,
http://vanvn.net/chuyen-van-chuong/trang-tho-tet-chuc-mung-xuan-ky-hoi-cua-vanvn-net/2103,
http://thatsonchaudoc.com/xuan/Xuan2019/TX_Chuctet.htm,
https://hochiminh.vn/book/tac-pham-ve-ho-chi-minh/tac-pham-trong-nuoc/nhung-bai-tho-chuc-tet-cua-chu-tich-ho-chi-minh-376,
https://www.giadinhmoi.vn/tuyen-tap-thiep-chuc-mung-nam-moi-va-tho-chuc-tet-nguyen-dan-ky-hoi-2019-dep-y-nghia-d19445.html,
http://www.gmarco.de/du-lich-tet-ky-hoi-2019-tour-my-tho-can-tho-2-ngay-khoi-hanh-tu-sai-gon,
http://thoibaotaichinhvietnam.vn/pages/xa-hoi/2019-02-05/ha-noi-nhe-nhang-va-yen-binh-trong-sang-mung-1-tet-ky-hoi-67530.aspx,
https://www.sosanhgia.com/p183642-sach-tet-ky-hoi-2019-hop-tuyen-van-tho-nhac-hoa-chu-de-mua-xuan-va-ngay-tet.html,
https://gpcantho.com/huong-dan-cu-hanh-phung-vu-tet-ky-hoi-2019/,
http://hocvachoi.vn/products/sach-tet-ky-hoi-2019-hop-tuyen-van-tho-nhac-hoa-chu-de-mua-xuan-va-ngay-tet,
https://sites.google.com/view/tuenga/home/th%C6%A1-xu%C3%A2n-k%E1%BB%B7-h%E1%BB%A3i-2019,
https://funnyweekend.net/loai-hinh-du-lich/du-lich-tet-ky-hoi-2019-tour-my-tho-can-tho-2-ngay-khoi-hanh-tu-sai-gon-tour303.html,
https://trivan.com.vn/products/sach-tet-ky-hoi-2019-hop-tuyen-van-tho-nhac-hoa-chu-de-mua-xuan-va-ngay-tet,
http://cantho.gov.vn/wps/wcm/connect/sovhttdl/sub_site/menu+ngang/du+lich/can+tho+dat+nuoc+con+nguoi/dulichcanthotet2019,
http://tapchisonghuong.com.vn/tin-tuc/p6/c24/n27539/Tho-Xuan-Ky-Hoi-2019.html,
https://thesinhcafe.com/tour-du-lich-my-tho-ben-tre-can-tho-2-ngay-tet-ky-hoi.htm,
https://danviet.vn/nhung-thu-nen-va-khong-nen-bay-tren-ban-tho-dip-tet-ky-hoi-2019-7777952610.htm,
https://thethaovanhoa.vn/the-gioi/loi-chuc-mung-nam-moi-ky-hoi-an-tuong-va-y-nghia-khong-the-nao-quen-n20190205012105794.htm,
http://www.saimonthidan.com/index.php?c=article&p=18469,
https://tuoitrethudo.com.vn/sach-tet-canh-ty-2020-hop-tuyen-van-tho-nhac-hoa-chu-de-mua-xuan-va-ngay-tet-32926.html,
https://onlinefriday.vn/san-pham/tour-my-tho-can-tho-2-ngay-1-dem-tet-nguyen-dan-ky-hoi-2019-63559.html,
https://thilop10.cauhoiontap.com/can-tho-ban-phao-hoa-dem-giao-thua-tet-ky-hoi-2019-tai-6-diem/,
http://duyhantrinhtayninh.blogspot.com/2019/01/chuc-tet-ky-hoi-2019-tho-vui-chuc-xuan.html,
https://vov.vn/nguoi-viet/nguoi-viet-tai-tho-nhi-ky-tung-bung-don-xuan-ky-hoi-2019-867969.vov,
https://www.mamibuy.com.vn/talk/article/1643,
http://www.thtg.vn/da-dang-sac-mau-cho-hoa-xuan-my-tho-tet-ky-hoi-2019/,
http://cand.com.vn/doi-song/Can-Tho-thuong-tet-cao-nhat-230-trieu-dong-528251/,
https://hophamvietnam.org/ho-pham-ha-noi-don-tet-ky-hoi-dong-anh-chuc-tho-cac-cu-cao-nien/,
https://thanhoai.hanoi.gov.vn/nb/hoc-tap/-/news/EVnR7ZHsaCfK/620558.html,jsessionid=ZhN+lJ+sKSHFy7abgB3uXxwe.app2
https://baohatinh.vn/van-hoc/xuan-ky-hoi/168505.htm,
http://qui.edu.vn/vi/hcm/Bac-Ho-viet/Tho-chuc-Tet-cua-Bac-Ho-4.html,
http://honglinh.hatinh.gov.vn/portal/pages/2019/hoi-tho-mung-dang-mung-xuan-ky-hoi-nam-2019-thanh-cong-tot-dep-1.aspx,
http://bvtwct.org.vn/tinchitiet-271.html,
http://baobacgiang.com.vn/bg/van-hoa/tac-gia-tac-pham/275179/chao-mung-ngay-tho-viet-nam-lan-thu-xvii-nguyen-tieu-ky-hoi-2019-tan-man-tho-xuan.html,
http://caodai.com.vn/vn/news-detail/hoi-thanh-mung-xuan-ky-hoi-ngay-mung-1-tet-2019.html,
http://sactimhoasim.blogspot.com/2019/02/chum-tho-uong-luat-tet-ky-hoi-2019.html,
https://www.pinterest.com/pin/65443000822149025/,
http://tuanbaovannghetphcm.vn/nhung-bai-tho-chuc-tet-nam-hoi-cua-bac-so-533/,
https://thuthuat.taimienphi.vn/tho-chuc-tet-2018-29794n.aspx,
https://giupban.com.vn/tong-hop-nhung-bai-tho-chuc-tet-xuan-canh-ty-2020-hay-y-nghia-nhat,
https://baomoi.com/10-bai-tho-chuc-tet-canh-ty-2020-hay-va-an-tuong/c/33748075.epi,
https://sapuwa.com/nhung-bai-tho-loi-chuc-tet-canh-ty-2020-y-nghia-nhat.html,
https://unica.vn/blog/tho-tet-canh-ty,
https://dangcongsan.vn/chao-nam-moi-2020/tho-xuan-cau-doi-tet/bai-tho-bac-ho-chuc-tet-canh-ty-1960-547043.html,
https://tikibook.com/bai-tho-chuc-tet-hay-nhat-xuan-2020-pr22796.html,
https://doctailieu.com/tu-vi/chum-tho-chuc-tet-hay-va-y-nghia-nhat,
https://dichvuhay.vn/tuyen-tap-chum-tho-chuc-tet-canh-ty-2020-hay-va-y-nghia-nhat.html,
https://m.baotuyenquang.com.vn/van-hoa/tinh-hoa-van-hoa/bai-tho-bac-viet-xuan-canh-ty-127362.html,
https://kinhtexanh.vn/nhung-bai-tho-xuan-tho-chuc-tet-canh-ty-2020-hay-nhat-12805.html,
https://www.thivien.net/H%E1%BB%93-Ch%C3%AD-Minh/Th%C6%A1-ch%C3%BAc-T%E1%BA%BFt-n%C4%83m-1960-Canh-T%C3%BD/poem-OJqzr9SwR4DvA9X-iR1NhQ,
https://nguyentrungkien.info/2020/01/24/tho-chuc-tet-canh-ty-2020/,
http://mttq.tuyenquang.gov.vn/DetailView/4338/22/Bai-tho-Bac-viet-Xuan-Canh-Ty.html,
https://vietnamnet.vn/vn/doi-song/gia-dinh/loi-chuc-tet-nguyen-dan-canh-ty-2020-hay-va-y-nghia-nhat-607009.html,
http://tapchisonghuong.com.vn/tin-tuc/p6/c24/n28648/Trang-tho-Tet-Canh-Ty-02-2020.html,
http://mnyenlac.vinhphuc.edu.vn/goc-nghe-thuat/10-bai-tho-chuc-tet-canh-ty-2020-hay-va-an-tuong-cmobile9025-226578.aspx,
http://spirit.vietnamairlines.com/vi/tintuc/van-hoa-the-thao-82/tho---tet-2020-tam-su-tet-san-bay-5654.html,
http://vannghethainguyen.vn/2020/01/25/trang-tho-so-tet-am-2020/,
https://laodong.vn/van-hoa/cach-lau-don-ban-tho-bao-sai-truoc-tet-canh-ty-de-don-tai-loc-779385.ldo,
http://khxhnvnghean.gov.vn/?x=2636/khxhnv-doi-song/nam-canh-ty-1960-ay-va-suc-song-cua-nhung-cau-tho-bai-tho-tet-cua-bac-ho,
https://luatvietnam.vn/tin-phap-luat/muc-qua-tang-mung-tho-nguoi-cao-tuoi-dip-tet-canh-ty-230-23627-article.html,
http://smstinnhancute.wap.sh/tin-tuc-24h/__xtblog_entry/10628775-332-nh-ng-b-i-th-ch-c-m-ng-n-m-m-i-ch-c-t-t-hay-nh-t-2020-n-m-canh-t-d-nh-t-ng-ng-i-th-n-b-n-b?__xtblog_block_id=1,
https://danviet.vn/tho-chuc-tet.html,
https://canthopromotion.vn/tet-canh-ty-can-tho-co-them-duong-bich-hoa-can-tho-xua-va-nay/,
https://donganh.hanoi.gov.vn/tin-tuc-su-kien/-/view_content/5180305-huyen-dong-anh-tong-ket-cuoc-thi-tho-cau-doi-tet-mung-dang-mung-xuan-canh-ty-2020-.html,
https://mediamart.vn/tin-tuc/loi-hay-y-dep/nhung-cau-tho-hay-dung-de-chuc-tet.htm,
https://mediamart.vn/tin-tuc/loi-hay-y-dep/goi-y-nhung-loi-chuc-mung-nam-moi-canh-ty-2020-hay-va-y-nghia-nhat.htm,
http://svhttdl.phutho.gov.vn/tin/chi-thi-cua-ban-thuong-vu-tinh-uy-ve-viec-to-chuc-tet-canh-ty-nam-2020_1264.html,
https://lichngaytot.com/blog-cuoc-song/nhung-bai-tho-chuc-tet-hay-nhat-700-201630.html,
https://baocantho.com.vn/xem-albumphoto/duong-hoa-can-tho-xuan-canh-ty-se-hap-dan-the-nao.43.html,
https://plo.vn/giai-tri/lau-don-ban-tho-don-tet-canh-ty-2020-884997.html,
https://dulichviet.com.vn/du-lich-trong-nuoc/du-lich-tet-canh-ty-2020-tour-my-tho-can-tho-2-ngay-khoi-hanh-tu-sai-gon,
http://baophutho.vn/dien-dan-ban-doc/202001/moi-don-doc-bao-phu-tho-xuan-canh-ty-2020-168737,
https://www.sggp.org.vn/hon-813000-luot-du-khach-den-can-tho-trong-dip-tet-canh-ty-642694.html,
http://baonamdinh.com.vn/channel/5087/202001/doc-tho-chuc-tet-cua-bac-ho-60-nam-truoc-2535343/,
https://doanhnhanplus.vn/1001-cau-chuc-tet-hay-nhat-tet-canh-ty-2020-494887.html,
http://cand.com.vn/Hoat-dong-LL-CAND/Cong-an-TP-Can-Tho-ra-quan-dam-bao-TTATGT-TTXH-dip-Tet-Canh-Ty-574105/,
http://tourismcantho.vn/vi/tet-canh-ty-can-tho-co-them-duong-bich-hoa-can-tho-xua-va-nay/n3817.html,
https://daviddong.org/tho-chuc-tet-canh-ty-2020/,
https://www.tienphong.vn/van-hoa/nhung-cau-chuc-tet-canh-ty-2020-ngan-gon-va-y-nghia-nhat-1511890.tpo,
https://www.pinterest.com/pin/537406168038162432/,
https://thethaovanhoa.vn/xa-hoi/loi-chuc-tet-2020-y-nghia-binh-an-may-man-va-tai-loc-nam-canh-ty-n20200125081453497.htm,
http://www.tcvg.hochiminhcity.gov.vn/tintuc/lists/posts/post.aspx?Source=/tintuc&Category=H%E1%BB%8Dc+t%E1%BA%ADp+v%C3%A0+l%C3%A0m+theo+t%E1%BA%A5m+g%C6%B0%C6%A1ng+%C4%91%E1%BA%A1o+%C4%91%E1%BB%A9c+h%E1%BB%93+ch%C3%AD+minh&ItemID=3191&Mode=1,
http://la34.com.vn/tin-tuc/thoi-su-long-an/tan-thanh-chuc-tet-cac-co-so-tho-tu-va-giao-xu-nha-tho-nhan-dip-tet-nguyen-dan-canh-ty-2020/,
https://www.facebook.com/thon4conghoa/videos/th%C6%A1-ch%C3%BAc-th%E1%BB%8D-n%C4%83m-canh-t%C3%BD-2020t%C3%A1c-gi%E1%BA%A3-danh-lan/263304931304855/,
https://soyte.ninhbinh.gov.vn/nambinh-tpninhbinh/1315/29780/39707/170177/TIN-TUC---SU-KIEN/Mung-tho-Nguoi-cao-tuoi-xuan-Canh-Ty-2020.aspx,
http://truyencotichhay.com/tho-chuc-tet-cho-be-2020/,
http://vietsuncantho.vn/tour-phan-thiet-tet-canh-ty.html,
http://hailong.gov.vn/vi/news/Tin-tuc/le-mung-tho-nguoi-cao-tuoi-xuan-canh-ty-2020-189.html,
https://www.tapchicongsan.org.vn/web/guest/hoat-ong-cua-lanh-ao-ang-nha-nuoc/-/2018/815804/tong-bi-thu%2C-chu-tich-nuoc-nguyen-phu-trong-chuc-tet-canh-ty-2020.aspx,
https://truyenhinhdulich.vn/tin-tuc/tet-canh-ty-can-tho-co-them-duong-bich-hoa-can-tho-xua-va-nay-14117.html,
https://d-annamtravel.com/vi/blog/diem-checkin-cua-cac-ban-tre-can-tho-dip-tet-canh-ty-can-tho-xua-va-nay-1122,
https://www.fahasa.com/sach-tet-canh-ty-2020-hop-tuyen-van-tho-nhac-hoa-chu-de-mua-xuan-va-ngay-tet.html,
https://nhandan.com.vn/vanhoa/item/43068902-khach-du-xuan-tap-nap-check-in-duong-hoa-nghe-thuat-can-tho.html,
https://www.vietnamplus.vn/can-tho-chay-6-can-nha-vao-rang-sang-mung-2-tet-canh-ty/620122.vnp,
https://www.doisongphapluat.com/doi-song/chum-tho-xuan-canh-ty-2020-a308695.html,
https://thethao247.vn/333-chuc-tet-doc-gia-xuan-canh-ty-2020-d197326.html,
https://nongnghiep.vn/can-tho-khai-hoi-sac-xuan-miet-vuon-nam-2020-d255574.html,
https://phuthotv.vn/an-ninh-quoc-phong/an-ninh-phu-tho-dam-bao-antt-tet-nguyen-dan-canh-ty-2020,
https://thuonghieuvaphapluat.vn/sach-tet-canh-ty-2020-hop-tuyen-van-tho-nhac-hoa-chu-de-mua-xuan-va-ngay-tet-d28492.html,
http://nguoilambao.vn/truoc-tet-canh-ty-hang-hang-khong-mo-them-duong-bay-ket-noi-can-tho-n17356.html,
https://shoptretho.com.vn/tin-tuc/shop-tre-tho-thong-bao-lich-nghi-tet-canh-ty-2020,
http://baochinhphu.vn/Thoi-su/Khong-de-bat-ky-nguoi-dan-nao-khong-co-Tet/385788.vgp,
http://bantuyengiao.cantho.gov.vn/article/sinh-vien-can-tho-nghi-tet-nguyen-dan-tu-ngay-16-1-2020/16789.htm,
https://dulich.tuoitre.vn/tet-canh-ty-2020.html,
https://dulich.tuoitre.vn/duong-hoa-can-tho-nam-nay-se-xuan-nay-hon-han-may-xuan-qua-20200118171620866.htm,
http://ctn-cantho.com.vn/mung-xuan-canh-ty-2020/thu-chuc-tet-canh-ty-2020-404.html,
https://vov.vn/van-hoa-giai-tri/audio-lang-nghe-bac-ho-doc-tho-chuc-tet-nam-1967-588996.vov,
https://giaoduc.net.vn/van-hoa/mot-so-bai-tho-chuc-tet-bo-me-hay-va-y-nghia-nhat-post165170.gd,
https://a4y.org/tho-tet-doan-ngo,
https://nhandan.com.vn/dong-chay/Th%C6%A1-tr%C3%AAn-b%C3%A1o-T%E1%BA%BFt-M%E1%BA%ADu-T%C3%BD-486950,
https://thienviettour.vn/tour-le/tour-my-tho-can-tho-tet-duong-lich-2-ngay-1-dem-tour-tet-tan-suu-2021-646.html,
https://www.vksndtc.gov.vn/tin-tuc/tin-hoat-dong-vksnd-dia-phuong/lanh-dao-ubnd-tp-can-tho-tham-chuc-tet-vksnd-tp-ca-d3-t3320.html?Page=220,
https://datviettour.com.vn/tin-tuc/du-lich-can-tho-tet-nen-di-nhung-dau,
https://giaoduc.net.vn/van-hoa/bai-tho-chuc-tet-cuoi-cung-cua-bac-post195043.gd,
https://www.phunuvagiadinh.vn/xa-hoi-168/nhung-bai-tho-tet-xa-nha-hay-nhat-cho-nhung-nguoi-con-xa-que-cung-don-doc-265317,
https://tinhdoan.quangngai.gov.vn/mnews.aspx?id=55,
